IF SKU,Company SKU,Product,File
ANI-0001,M-2694A,ANI PANDORA MOSAIC BAR (COCOA CHOC. PEANUT CARAMEL NOUGAT BAR) 6X24X30 GR,M-2694A.png
ANI-0002,M-2694,ANI PANDORA MOSAIC BAR (COCOA CHOC. PEANUT CARAMEL NOUGAT BAR) 6X24X35 GR,M-2694.png
ANI-0003,M-2039,INFINITY DUBAI CAKE 40GRX24X6,M-2039.png
ANI-0004,M-2030,INFINITY RASPERRY CAKE 40GRX24X6,M-2030.png
ANI-0005,M-0669,TATPO Milky Chocolate Coated with Marshmallow Sandwich Cake 12x184 GR,M-0669.png
ANI-0006,M-0670,TATPO Milky Chocolate Coated with Marshmallow Sandwich Cake 6X24X22 GR,M-0670.png
ANI-0007,M-0670B,TATPO Milky Chocolate Coated with Marshmallow Sandwich Cake 12X24X22 GR,M-0670B.png
ANI-0008,M-3002,PASTACIK COCOLIN COATED CAKE WITH CREAM 6X24X30 GR,M-3002.png
ANI-0009,M-3003,PASTACIK COCOLIN COATED CAKE WITH STRAWBERRY CREAM 6X24X30 GR,M-3003.png
ANI-0010,M-3004,PASTACIK COCOLIN COATED CAKE WITH BANANA CREAM 6X24X30 GR,M-3004.png
ANI-0011,M-3005,PASTACIK COCOLIN COATED CAKE WITH HAZELNUT CREAM 6X24X30 GR,M-3005.png
ANI-0012,M-3002A,PASTACIK COCOLIN COATED CAKE WITH CREAM 6X24X25 GR,M-3002A.png
ANI-0013,M-3003A,PASTACIK COCOLIN COATED CAKE WITH STRAWBERRY CREAM 6X24X25 GR,M-3003A.png
ANI-0014,M-3004A,PASTACIK COCOLIN COATED CAKE WITH BANANA CREAM 6X24X25 GR,M-3004A.png
ANI-0015,M-3005A,PASTACIK COCOLIN COATED CAKE WITH HAZELNUT CREAM 6X24X25 GR,M-3005A.png
ANI-0016,M-3008A,PASTA XLCOCOLIN COATED CAKE WITH CACAO CREAM 6X24X45 GR,M-3008A.png
ANI-0017,M-3008B,PASTA XLCOCOLIN COATED CAKE WITH CACAO CREAM 6X24X40 GR,M-3008B.png
ANI-0018,M-3021,STAR CAKE WITH STRAWBERRY CREAM 6X24X25 GR,M-3021.png
ANI-0019,M-3021A,STAR CAKE WITH STRAWBERRY CREAM 6X24X20 GR,M-3021A.png
ANI-0020,M-3022,STAR CAKE WITH COCOA CREAM 6X24X25 GR,M-3022.png
ANI-0021,M-3022A,STAR CAKE WITH COCOA CREAM 6X24X20 GR,M-3022A.png
ANI-0022,M-3023,STAR CAKE WITH HAZELNUT CREAM 6X24X20 GR,M-3023.png
ANI-0023,M-3023A,STAR CAKE WITH HAZELNUT CREAM 6X24X25 GR,M-3023A.png
ANI-0024,M-2034,BRAWO INFINITY Chocolate Cake with Cream 6X24X40 GR,M-2034.png
ANI-0025,M-2034A,BRAWO INFINITY Chocolate Cake with Cream 6X24X35 GR,M-2034A.png
ANI-0026,M-3102,SWISS ROLL COCOLIN COATED CAKE WITH CREAM 6X24X30 GR,M-3102.png
ANI-0027,M-3103,SWISS ROLL COCOLIN COAT.CAKE WITH STRAWBERRY CREAM 6X24X30 GR,M-3103.png
ANI-0028,M-3105,SWISS ROLL COCOLIN COAT.CAKE WITH HAZELNUT CREAM 6X24X30 GR,M-3105.png
ANI-0029,M-3102C,SWISS ROLL COCOLIN COATED CAKE WITH CREAM 6X24X30 GR,M-3102C.png
ANI-0030,M-3103C,SWISS ROLL COCOLIN COAT.CAKE WITH STRAWBERRY CREAM 6X24X30 GR,M-3103C.png
ANI-0031,M-3105C,SWISS ROLL COCOLIN COAT.CAKE WITH HAZELNUT CREAM 6X24X30 GR,M-3105C.png
ANI-0032,M-3106,SWISSROLL CAKE Cocoa Decorated sponge cake with Cocoa Cream 6X24X55 GR,M-3106.png
ANI-0033,M-3106A,SWISSROLL CAKE Cocoa Decorated sponge cake with Cocoa Cream 6X24X50 GR,M-3106A.png
ANI-0034,M-3107,SWISS ROLL CAKE Cocoa Decorated sponge cake with Chocolate Cream 6X24X55 GR,M-3107.png
ANI-0035,M-3107A,SWISS ROLL CAKE Cocoa Decorated sponge cake with Chocolate Cream 6X24X50 GR,M-3107A.png
ANI-0036,M-3108,SWISSROLL CAKE Cocoa Decorated sponge cake with Strawberry Cream 6X24X55 GR,M-3108.png
ANI-0037,M-3108A,SWISSROLL CAKE Cocoa Decorated sponge cake with Strawberry Cream 6X24X50 GR,M-3108A.png
ANI-0038,M-3111,ANI SWISS ROLL (CAKE WITH COCOA CREAM COATED WITH MILKY COMPOUND CHOCOLATE) 10X180GR,M-3111.png
ANI-0039,M-3112,ANI SWISS ROLL (CAKE WITH STRAW. FLA. CREAM COATED WITH MILKY COMPOUND CHOCOLATE) 10X180GR,M-3112.png
ANI-0040,M-3122,SWISS ROLL CAKE WITH COCOA CREAM 12X160 GR,M-3122.png
ANI-0041,M-3122C,SWISS ROLL CAKE WITH COCOA CREAM 12X90 GR,M-3122C.png
ANI-0042,M-3123,SWISS ROLL CAKE WITH STRAWBERRY CREAM 12X160 GR,M-3123.png
ANI-0043,M-3123C,SWISS ROLL CAKE WITH STRAWBERRY CREAM 12X90 GR,M-3123C.png
ANI-0044,M-3131,SWISS ROLL CAKE WITH BLACKBERRY CREAM 12X160 GR,M-3131.png
ANI-0045,M-3131C,SWISS ROLL CAKE WITH BLACKBERRY CREAM 12X90 GR,M-3131C.png
ANI-0046,M-3133,SWISS ROLL CAKE WITH BANANA CREAM 12X160 GR,M-3133.png
ANI-0047,M-3133C,SWISS ROLL CAKE WITH BANANA CREAM 12X90 GR,M-3133C.png
ANI-0048,M-3134,SWISS ROLL CAKE WITH CARAMEL 12X160 GR,M-3134.png
ANI-0049,M-3134C,SWISS ROLL CAKE WITH CARAMEL 12X90 GR,M-3134C.png
ANI-0050,M-3109,SWISS ROLL CAKE WITH COCOA CREAM 6X24X40 GR,M-3109.png
ANI-0051,M-3142B,SWISS ROLL CAKE WITH COCOA CREAM 6X24X45 GR,M-3142B.png
ANI-0052,M-3143B,SWISS ROLL CAKE WITH STRAWBERRY CREAM 6X24X45 GR,M-3143B.png
ANI-0053,M-3144B,SWISS ROLL CAKE WITH CARAMEL CREAM 6X24X45 GR,M-3144B.png
ANI-0054,M-3151,VILLANI Waffle Cake with Cocoa Cream 6X24X50 GR,M-3151.png
ANI-0055,M-3151D,VILLANI Chocolate Coated - Cocolate Waffle Cake with Cocoa Cream 6X24X45 GR,M-3151D.png
ANI-0056,M-3151F,VILLANI Waffle Cake with Cocoa Cream 6X24X40 GR,M-3151F.png
ANI-0057,M-3152,VILLANI Waffle Cake with Strawberry Cream 6X24X50 GR,M-3152.png
ANI-0058,M-3152D,VILLANI Waffle Cake with Strawberry Cream 6X24X45 GR,M-3152D.png
ANI-0059,M-3152F,VILLANI Waffle Cake with Strawberry Cream 6X24X40 GR,M-3152F.png
ANI-0060,M-3202,BRAWO KARAKIZ CAKE WITH COCOA CREAM 40X30 GR,M-3202.png
ANI-0061,M-3202B,BRAWO KARAKIZ CAKE WITH COCOA CREAM 4X24X35 GR,M-3202B.png
ANI-0062,M-3202L,BRAWO KARAKIZ CAKE WITH COCOA CREAM 6X24X25 GR,M-3202L.png
ANI-0063,M-3202N,BRAWO KARAKIZ CAKE WITH COCOA CREAM 6X24X35 GR,M-3202N.png
ANI-0064,M-3203,BRAWO KARAKIZ CAKE WITH CHERRY CREAM 40X30 GR,M-3203.png
ANI-0065,M-3203A,BRAWO KARAKIZ CAKE WITH CHERRY CREAM 24X30 GR,M-3203A.png
ANI-0066,M-3203B,BRAWO KARAKIZ CAKE WITH CHERRY CREAM 4X24X35 GR,M-3203B.png
ANI-0067,M-3205,BRAWO KARAKIZ CAKE WITH COCOA CREAM 12X90 GR,M-3205.png
ANI-0068,M-3211,FIKIR FIKIR DOLU CAKE WITH COCOA 40X30 GR,M-3211.png
ANI-0069,M-3211A,FIKIR FIKIR DOLU CAKE WITH COCOA 24X30 GR,M-3211A.png
ANI-0070,M-3212,FIKIR FIKIR DOLU CAKE WITH CARAMEL 40X30 GR,M-3212.png
ANI-0071,M-3213,BRAWO MAGDALENAS CAKE FILLED WITH COCOA SAUCE 40X25 GR,M-3213.png
ANI-0072,M-3214,CHOCO CUP CAKE FILLED WITH COCOA SAUCE 6X24X50,M-3214.png
ANI-0073,M-2102,SCHOCO Compound Chocolate Coated Cake with Cocoa Cream 6X24X40 GR,M-2102.png
ANI-0074,M-2102A,SCHOCO Compound Chocolate Coated Cake with Cocoa Cream 6X24X35 GR,M-2102A.png
ANI-0075,M-2102C,SCHOCO Compound Chocolate Coated Cake with Cocoa Cream 6X24X32 GR,M-2102C.png
ANI-0076,M-2102B,SCHOCO Compound Chocolate Coated Cake with Cocoa Cream 6X24X30 GR,M-2102B.png
ANI-0077,M-2102D,SCHOCO Compound Chocolate Coated Cake with Cocoa Cream 6X24X28 GR,M-2102D.png
ANI-0078,M-2022,SCHOCO Compound Chocolate Coated Cake with Rasberry Cream 6X24X40 GR,M-2022.png
ANI-0079,M-2022A,SCHOCO Compound Chocolate Coated Cake with Rasberry Cream 6X24X35 GR,M-2022A.png
ANI-0080,M-2022D,SCHOCO Compound Chocolate Coated Cake with Rasberry Cream 6X24X32 GR,M-2022D.png
ANI-0081,M-2022C,SCHOCO Compound Chocolate Coated Cake with Rasberry Cream 6X24X30 GR,M-2022C.png
ANI-0082,M-2022E,SCHOCO Compound Chocolate Coated Cake with Rasberry Cream 6X24X28 GR,M-2022E.png
ANI-0083,M-2023,SCHOCO Compound Chocolate Coated Cake with Banana Cream 6X24X40GR,M-2023.png
ANI-0084,M-2023A,SCHOCO Compound Chocolate Coated Cake with Banana Cream 6X24X35 GR,M-2023A.png
ANI-0085,M-2023D,SCHOCO Compound Chocolate Coated Cake with Banana Cream 6X24X32 GR,M-2023D.png
ANI-0086,M-2023C,SCHOCO Compound Chocolate Coated Cake with Banana Cream 6X24X30 GR,M-2023C.png
ANI-0087,M-2023E,SCHOCO Compound Chocolate Coated Cake with Banana Cream 6X24X28 GR,M-2023E.png
ANI-0088,M-2052,ANI BRAWO DONUT COLOR. GRAN. AND STRAWB. FLAV. COAT. STRAWB. FLAV. FILL. DONUT CAKE 6X24X50 GR,M-2052.png
ANI-0089,M-2052A,ANI BRAWO DONUT COLOR. GRAN. AND STRAWB. FLAV. COAT. STRAWB. FLAV. FILL. DONUT CAKE 6X24X40 GR,M-2052A.png
ANI-0090,M-2024,BRAWO DONUT Compound Chocolate Coated Cake with Cocoa Cream 6X24X50 GR,M-2024.png
ANI-0091,M-2024B,BRAWO DONUT Compound Chocolate Coated Cake with Cocoa Cream 6X24X40 GR,M-2024B.png
ANI-0092,M-2025,BRAWO DONUT Compound Chocolate Coated Cake with Cocoa Cream 6X24X50 GR,M-2025.png
ANI-0093,M-2025A,BRAWO DONUT Compound Chocolate Coated Cake with Cocoa Cream 6X24X40 GR,M-2025A.png
ANI-0094,M-2026,BRAWO DONUT Compound Chocolate Coated Cake with Rasberry Cream 6X24X50 GR,M-2026.png
ANI-0095,M-2026A,BRAWO DONUT Compound Chocolate Coated Cake with Rasberry Cream 6X24X40 GR,M-2026A.png
ANI-0096,M-2027,BRAWO DONUT Compound Chocolate Coated Cake with Banana Cream 6X24X50 GR,M-2027.png
ANI-0097,M-2027A,BRAWO DONUT Compound Chocolate Coated Cake with Banana Cream 6X24X40 GR,M-2027A.png
ANI-0098,M-2028,BRAWO DONUT Compound Chocolate Coated Cake with Caramel 6X24X50 GR,M-2028.png
ANI-0099,M-2028A,BRAWO DONUT Compound Chocolate Coated Cake with Caramel 6X24X40 GR,M-2028A.png
ANI-0100,M-2050,BRAWO DONUT Cake with Cocoa Sauce Coated with Milky Cocoa and Granules 6X24X50 GR,M-2050.png
ANI-0101,M-2050A,BRAWO DONUT Cake with Cocoa Sauce Coated with Milky Cocoa and Granules 6X24X40 GR,M-2050A.png
ANI-0102,M-2051,BRAWO DONUT Marble Cake with Cocoa Filling 6X24X50 GR,M-2051.png
ANI-0103,M-2051A,BRAWO DONUT Marble Cake with Cocoa Filling 6X24X40 GR,M-2051A.png
ANI-0104,M-2029,BRAWO DONUT Compound Chocolate Coated Cake with Cocoa Cream 15x240 GR,M-2029.png
ANI-0105,M-2035,CASSY Compound Chococlate Coated - Cocoa Cake with Chocolate Cream 6X24X35 GR,M-2035.png
ANI-0106,M-2035A,CASSY Compound Chococlate Coated - Cocoa Cake with Chocolate Cream 6X24X30 GR,M-2035A.png
ANI-0107,M-3311,BRAWO INFINITY (COCOA COATED PISTACHIO CREAM CAKE 10X240GR,M-3311.png
ANI-0108,M-3312,BRAWO INFINITY (COCOA COATED RASPBERRY FLAVORED FILLING CAKE) 10X240 GR,M-3312.png
ANI-0109,M-2036A,CASSY Compound Chococlate Coated - Cocoa Cake with Chocolate Cream 6X36X25 GR,M-2036A.png
ANI-0110,M-2037,CASSY White Chococlate Coated - Cocoa Cake with Chocolate Cream 6X24X35 GR,M-2037.png
ANI-0111,M-2037C,CASSY White Chococlate Coated - Cocoa Cake with Chocolate Cream 6X24X30 GR,M-2037C.png
ANI-0112,M-0065A,ROKKY Compound Chococlate Coated - Cocoa Cake with Chocolate Cream 6x24x35gr,M-0065A.png
ANI-0113,M-0065,ROKKY Compound Chococlate Coated - Cocoa Cake with Chocolate Cream 6x24x30gr,M-0065.png
ANI-0114,M-2031,BRAWO DESIRE Compound Chococlate Coated - Cocoa Cake with Chocolate Cream 6X24X40 GR,M-2031.png
ANI-0115,M-2031C,BRAWO DESIRE Compound Chococlate Coated - Cocoa Cake with Chocolate Cream 6X24X35 GR,M-2031C.png
ANI-0116,M-2031D,BRAWO DESIRE Compound Chococlate Coated - Cocoa Cake with Chocolate Cream 6X24X30 GR,M-2031D.png
ANI-0117,M-2032,BRAWO DESIRE Compound Chococlate Coated - Cocoa Cake with Caramel 6X24X40 GR,M-2032.png
ANI-0118,M-2032C,BRAWO DESIRE Compound Chococlate Coated - Cocoa Cake with Caramel 6X24X35GR,M-2032C.png
ANI-0119,M-2032D,BRAWO DESIRE Compound Chococlate Coated - Cocoa Cake with Caramel 6X24X30GR,M-2032D.png
ANI-0120,M-2033,BRAWO DESIRE HAZELNUT Compound Chococlate Coated - Cocoa Cake with Chocolate Cream 6X24X36 GR,M-2033.png
ANI-0121,M-2040A,SPOOKY BEAR CAKE Compound Chococlate Coated - Cocoa Cake with Chocolate Sauce 6X24X50 GR,M-2040A.png
ANI-0122,M-2041A,SPOOKY BEAR CAKE White Chococlate Coated - Cocoa Cake with Chocolate Sauce 6X24X50 GR,M-2041A.png
ANI-0123,M-2040C,SPOOKY BEAR CAKE Compound Chococlate Coated - Cocoa Cake with Chocolate Sauce 6X24X40 GR,M-2040C.png
ANI-0124,M-2041C,SPOOKY BEAR CAKE White Chococlate Coated - Cocoa Cake with Chocolate Sauce 6X24X40 GR,M-2041C.png
ANI-0125,M-2060B,BRAWO SNOWBOARD Coconut Coted Cocoa Cake with Cream 6X24X50 GR WHITE,M-2060B.png
ANI-0126,M-2060Z,BRAWO SNOWBOARD Coconut Coted Cocoa Cake with Cream 6X24X40 GR WHITE,M-2060Z.png
ANI-0127,M-2062,BRAWO SNOWBOARD MILKY CHOCOLATE COATED COCOA CAKE WITH CREAM FILLING WITH GRANULE 6X24X50GR,M-2062.png
ANI-0128,M-2062B,BRAWO SNOWBOARD MILKY CHOCOLATE COATED COCOA CAKE WITH CREAM FILLING WITH GRANULE 6X24X40 GR,M-2062B.png
ANI-0129,M-2063,BRAWO SNOWBOARD CHOCOLATE COATED CREAM CAKE WITH COCONUT 6X24X50 GR,M-2063.png
ANI-0130,M-2063C,BRAWO SNOWBOARD CHOCOLATE COATED CREAM CAKE WITH COCONUT 6X24X40 GR,M-2063C.png
ANI-0131,M-2064B,VILADI CHOCOLATE COATED CHOCOLATE SAUCE FILLED COCOA CAKE 6X24X40 GR,M-2064B.png
ANI-0132,M-2207,WHOO MILK CREAM DOUBLE COLORED FINGER CAKE 12X24X22GR,M-2207.png
ANI-0133,M-2208,WHOO MILK CREAM RASPBERRY PLAIN FINGER CAKE 12X24X22GR,M-2208.png
ANI-0134,M-2201,BRAWO WHOO MILK CREAM CAKE 6X24X45 GR,M-2201.png
ANI-0135,M-2201D,BRAWO WHOO MILK CREAM CAKE 6X24X40 GR,M-2201D.png
ANI-0136,M-2202,BRAWO WHOO CACAO CAKE WITH MILK CREAM 6X24X45 GR,M-2202.png
ANI-0137,M-2202D,BRAWO WHOO CACAO CAKE WITH MILK CREAM 6X24X40 GR,M-2202D.png
ANI-0138,M-2210D,HIGHWAY COCOA MOSAIC CAKE WITH COCOA CREAM 6X24X50 GR,M-2210D.png
ANI-0139,M-2210R,HIGHWAY COCOA MOSAIC CAKE WITH COCOA CREAM 6X24X50 GR (ROBOT),M-2210R.png
ANI-0140,M-2210G,HIGHWAY COCOA MOSAIC CAKE WITH COCOA CREAM 6X24X40 GR,M-2210G.png
ANI-0141,M-2210G-1,HIGHWAY COCOA MOSAIC CAKE WITH COCOA CREAM 6X24X40 GR ROBOT,M-2210G-1.png
ANI-0142,M-0956,SPOONFUL KAKAOLU BATON KEK 12X220 GR,M-0956.png
ANI-0143,M-0856,ANI KEKIM BATON CAKE WITH COCOA 4X6X220 GR,M-0856.png
ANI-0144,M-0856A,ANI KEKIM BATON CAKE WITH COCOA 4X6X180 GR,M-0856A.png
ANI-0145,M-0856B,ANI KEKIM BATON CAKE WITH COCOA 4X6X160 GR,M-0856B.png
ANI-0146,M-0861,ANI CAKE WITH FRUIT 40X19 GR,M-0861.png
ANI-0147,M-0863A,ANI CASSY CAKE WITH FRUIT 4X40X40 GR,M-0863A.png
ANI-0148,M-0863B,ANI CASSY CAKE WITH FRUIT 4X40X35 GR,M-0863B.png
ANI-0149,M-0864,ANI CAKE WITH FRUIT 40X30 GR,M-0864.png
ANI-0150,M-0864A,ANI CAKE WITH FRUIT 40X25 GR,M-0864A.png
ANI-0151,M-0864-1,ANI CAKE WITH FRUIT 6X24x25 GR,M-0864-1.png
ANI-0152,M-0864-1B,ANI CAKE WITH FRUIT 6X24x20 GR,M-0864-1B.png
ANI-0153,M-0866,BATON CAKE WITH FRUIT4X6X220 GR,M-0866.png
ANI-0154,M-0866A,ANI KEKIM BATON CAKE WITH FRUIT 4X6X180 GR,M-0866A.png
ANI-0155,M-0867,ANI KEKIM BATON CAKE WITH FRUIT 4X6X160 GR,M-0867.png
ANI-0156,M-0867A,ANI KEKIM BATON CAKE WITH FRUIT 4X12X160 GR,M-0867A.png
ANI-0157,M-0868,BATON CAKE WITH FRUIT 4X6X120 GR,M-0868.png
ANI-0158,M-0868A,BATON CAKE WITH FRUIT 6X6X120 GR,M-0868A.png
ANI-0159,M-0868B,BATON CAKE WITH FRUIT 4X6X100 GR,M-0868B.png
ANI-0160,M-0868C,BATON CAKE WITH FRUIT 6X6X100 GR,M-0868C.png
ANI-0161,M-0869B,CAKE WITH FRUIT 6X24X50 GR,M-0869B.png
ANI-0162,M-0870,ANI CAKE WITH FRUIT 6X24X36 GR,M-0870.png
ANI-0163,M-0870A,ANI CAKE WITH FRUIT 6X24X32 GR,M-0870A.png
ANI-0164,M-0871,JOLLY Cake with Strawberry Jelly 6x24x40 GR,M-0871.png
ANI-0165,M-0871A,JOLLY Cake with Strawberry Jelly 6x24x25 GR,M-0871A.png
ANI-0166,M-0876,ANI KEKIM MOSAIC BATON CAKE 4X6X220 GR,M-0876.png
ANI-0167,M-0876B,ANI KEKIM MOSAIC BATON CAKE 4X6X180 GR,M-0876B.png
ANI-0168,M-0680,ANI CAKE BASE BISCUIT 10 X 300 GR,M-0680.png
ANI-0169,M-1206A,CANGOZ Cocoa Granulated Orange Flavoured Jelly Biscuit 6x24x90gr,M-1206A.png
ANI-0170,M-1207,CANGOZ Cocoa Granulated Orange Flavoured Jelly Biscuit 6x24x45gr,M-1207.png
ANI-0171,M-0102,PETITBEURRE Biscuits 12X175 GR,M-0102.png
ANI-0172,M-0107,PETITBEURRE Biscuits 5X800 GR,M-0107.png
ANI-0173,M-0109,PETITBEURRE Biscuits 24X100 GR,M-0109.png
ANI-0174,M-0109AS,PETITBEURRE Biscuits 24X4X80 GR,M-0109AS.png
ANI-0175,M-1017,PETIT BEURRE BISCUITS 24X75 GR,M-1017.png
ANI-0176,M-1018,PETIT BEURRE BISCUITS 10X300 GR,M-1018.png
ANI-0177,M-1025,PETIT BEURRE BISCUIT 5X1000 GR,M-1025.png
ANI-0178,M-1028,PETIT BEURRE BISCUITS 12X200 GR,M-1028.png
ANI-0179,M-1015,TEA BISCUIT 24X100 GR,M-1015.png
ANI-0180,M-1035A,TEA BISCUIT 24X100 GR,M-1035A.png
ANI-0181,M-1035-3,ANI TEA BISCUIT 12X12X80 GR,M-1035-3.png
ANI-0182,M-1036,TEA BISCUIT 12X400 GR,M-1036.png
ANI-0183,M-1110,PETIT BEURRE BISCUITS 10X600 GR,M-1110.png
ANI-0184,M-0121,FINGER Biscuits 12X450 GR,M-0121.png
ANI-0185,M-0124,FINGER Biscuits 6X630 GR,M-0124.png
ANI-0186,M-0125,FINGER Biscuits 24X110 GR,M-0125.png
ANI-0187,M-1010,BISCCOLIF BISCUITS 24X120 GR,M-1010.png
ANI-0188,M-1012A,GLUCOSE MILK AND HONEY BISCUITS 48X50 GR,M-1012A.png
ANI-0189,M-1012B,GLUCOSE MILK AND HONEY BISCUITS 6X24X50 GR,M-1012B.png
ANI-0190,M-0118A,PICNIC Biscuits 24X60 GR OPAK,M-0118A.png
ANI-0191,M-0118AS,PICNIC Biscuits [8X24X60 GR] OPAK,M-0118AS.png
ANI-0192,M-0119,PICNIC BiscuitsS with Cocoa 24X60 GR,M-0119.png
ANI-0193,M-0119S,PICNIC BiscuitsS with Cocoa [8X24X60 GR],M-0119S.png
ANI-0194,M-0127-1AX,CUSTARD Cream Sandwich Biscuits with Vanillin 6X24X60 GR,M-0127-1AX.png
ANI-0195,M-0127-1CAS,CUSTARD Cream Sandwich Biscuits with Vanillin 4X24X60 GR,M-0127-1CAS.png
ANI-0196,M-0127-1BS,CUSTARD Cream Sandwich Biscuits with Vanillin 8X24X60 GR,M-0127-1BS.png
ANI-0197,M-0127-2AX,CUSTARD Cream Sandwich Biscuits with Chocolate 6X24X60 GR,M-0127-2AX.png
ANI-0198,M-0127-2CAS,CUSTARD Cream Sandwich Biscuits with Chocolate 4X24X60 GR,M-0127-2CAS.png
ANI-0199,M-0127-2CS,CUSTARD Cream Sandwich Biscuits with Chocolate 8X24X60 GR,M-0127-2CS.png
ANI-0200,M-0127-3AX,CUSTARD Cream Sandwich Biscuits with Strawberry 6X24X60 GR,M-0127-3AX.png
ANI-0201,M-0127-3CAS,CUSTARD Cream Sandwich Biscuits with Strawberry 4X24X60 GR,M-0127-3CAS.png
ANI-0202,M-0127-3CS,CUSTARD Cream Sandwich Biscuits with Strawberry 8X24X60 GR,M-0127-3CS.png
ANI-0203,M-0230,SINGOLAX Cream Sandwich Biscuits with Vanilin Flavour 24X65 GR,M-0230.png
ANI-0204,M-0231,SINGOLAX Cream Sandwich Biscuits with Vanilin Flavour 24X65 GR,M-0231.png
ANI-0205,M-1230,ANI CREAM SANDWICH BISCUIT WIT VANILIN ( 4 PACK - ECO PACK ) 10 X 300 GR,M-1230.png
ANI-0206,M-0716-1,ANI Cream Sandwich Biscuits with Vanillin Flavour (FLOWPACK) 48X40 GR,M-0716-1.png
ANI-0207,M-0716-2,ANI Cream Sandwich Biscuits with Cocoa (FLOWPACK) 48X40 GR,M-0716-2.png
ANI-0208,M-0716-3,ANI Cream Sandwich Biscuits with Strawberry Flavour (FLOWPACK) 48X40 GR,M-0716-3.png
ANI-0209,M-0716-4,ANI Cream Sandwich Biscuits with Banana Flavour (FLOWPACK) 48X40 GR,M-0716-4.png
ANI-0210,M-0133,Cream Sandwich Biscuits with Strawberry 24X50 GR,M-0133.png
ANI-0211,M-0134,Cream Sandwich Biscuits with Banana 24X50 GR,M-0134.png
ANI-0212,M-0130,Cream Sandwich Biscuits with Vanillin 24X50 GR,M-0130.png
ANI-0213,M-0131,JIVAGO Cocoa Cream Sandwich Biscuits 24X50 GR,M-0131.png
ANI-0214,M-0131A,JIVAGO Cocoa Cream Sandwich Biscuits 6X24X50 GR,M-0131A.png
ANI-0215,M-0131BS,JIVAGO Cocoa Cream Sandwich Biscuits [8X24X50GR],M-0131BS.png
ANI-0216,M-0150-1,LORA Cream Sandwich Biscuits with Hazelnut Cream 24X150 GR,M-0150-1.png
ANI-0217,M-0150-2,LORA Cream Sandwich Biscuits with Cocoa Cream 24X150 GR,M-0150-2.png
ANI-0218,M-0150-3,LORA Cream Sandwich Biscuits with Strawberry Cream 24X150 GR,M-0150-3.png
ANI-0219,M-1354,MOON (Cocoa Hazelnut Cream Sandwich Biscuit) 4X24X155 GR,M-1354.png
ANI-0220,M-1355A,MOON (Cocoa Hazelnut Cream Sandwich Biscuit) 6X24X60 GR,M-1355A.png
ANI-0221,M-1208,MOON (Cocoa Hazelnut Cream Sandwich Biscuit) 6X24X24 GR,M-1208.png
ANI-0222,M-1356,BESTIME CREAMY SAND.WITH COCOA 10 pcs - 12X180 GR,M-1356.png
ANI-0223,M-1358,ANI BIG PRENS CREAM SANDWICH BISCUITS WITH COCOA 12X300 GR,M-1358.png
ANI-0224,M-1360,ANI BIG PRENS CREAM SANDWICH BISCUITS WITH COCOA 12X500 GR,M-1360.png
ANI-0225,M-1365,ANI BIG PRENS Vanilla Flavored Creamy Sandwich Biscuit 12X500 GR,M-1365.png
ANI-0226,M-1366,ANI BIG PRENS Strawberry Flavored Creamy Sandwich Biscuit 12X500 GR,M-1366.png
ANI-0227,M-1368,ANI BIG PRENS Pistachio Flavored Creamy Sandwich Biscuit 12X500 GR,M-1368.png
ANI-0228,M-1359,BIG PRENS CREAM SANDWICH BISCUITS WITH COCOA 6X24X25 GR,M-1359.png
ANI-0229,M-1202,BRAWO RIO COCOA BISCUITS WITH VANILIN CREAM 6X24X38 GR - BLUE,M-1202.png
ANI-0230,M-1202A,BRAWO RIO COCOA BISCUITS WITH VANILIN CREAM 6X24X38 GR,M-1202A.png
ANI-0231,M-1203,BRAWO RIO COCOA BISCUITS WITH VANILIN CREAM 6X24X55 GR - BLUE,M-1203.png
ANI-0232,M-1203A,BRAWO RIO COCOA BISCUITS WITH VANILIN CREAM 6X24X55 GR,M-1203A.png
ANI-0233,M-1204B,BRAWO RIO COCOA BISCUITS WITH VANILIN CREAM 6X24X72 GR- BLUE,M-1204B.png
ANI-0234,M-1205,BRAWO RIO COCOA BISCUITS WITH VANILIN CREAM 6X24X25 GR,M-1205.png
ANI-0235,M-1205A,BRAWO RIO COCOA BISCUITS WITH VANILIN CREAM 6X24X25 GR DARK,M-1205A.png
ANI-0236,M-1351,BON VISAGE Cream Sandwich Biscuits with Hazelnut and Cocoa Coated 6X24X50 GR,M-1351.png
ANI-0237,M-1351A,BON VISAGE Cream Sandwich Biscuits with Hazelnut and Cocoa Coated 6X24X50 GR,M-1351A.png
ANI-0238,M-1351B,BON VISAGE Cream Sandwich Biscuits with Hazelnut and Cocoa 6X24X40 GR,M-1351B.png
ANI-0239,M-1352,BON VISAGE Cream Sandwich Biscuits with Hazelnut and Cocoa 6X24X25 GR Purple,M-1352.png
ANI-0240,M-1352A,BON VISAGE Cream Sandwich Biscuits with Hazelnut and Cocoa Coated 6X24X25 GR RED,M-1352A.png
ANI-0241,M-1352B,BON VISAGE Cream Sandwich Biscuits with Hazelnut and Cocoa Coated 6X24X25 GR RED,M-1352B.png
ANI-0242,M-1352C,BON VISAGE Cream Sandwich Biscuits with Hazelnut and Cocoa 6X24X20 GR PURPLE,M-1352C.png
ANI-0243,M-1352D,BON VISAGE Cream Sandwich Biscuits with Hazelnut and Cocoa 6X24X20 GR RED,M-1352D.png
ANI-0244,M-0157,MARIE Biscuits 24X130 GR,M-0157.png
ANI-0245,M-0303,SESAME Biscuits 12X210 GR,M-0303.png
ANI-0246,M-0305,SESAME Biscuits 6X24X50 GR,M-0305.png
ANI-0247,M-0304C,SESAME Biscuits 6X24X65 GR,M-0304C.png
ANI-0248,M-0304A,SESAME Biscuits 6X24X70 GR,M-0304A.png
ANI-0249,M-0401B,ANI BABYBIS BABY BISCUIT 8X800 GR,M-0401B.png
ANI-0250,M-0401D,ANI BABYBIS BABY BISCUIT 8X1000 GR,M-0401D.png
ANI-0251,M-0402,BABYBIS Baby Biscuits 16X175 GR,M-0402.png
ANI-0252,M-0402A,BABYBIS Baby Biscuits 16X150 GR,M-0402A.png
ANI-0253,M-5280E,BRAWO STAR CHOCOLATE BISCUITS 6X24X60 GR - RED,M-5280E.png
ANI-0254,M-5280D,BRAWO STAR CHOCOLATE BISCUITS 6X24X60 GR - YELLOW,M-5280D.png
ANI-0255,M-5285,BRAWO STAR CHOCOLATE BISCUITS 6X24X50 GR - RED,M-5285.png
ANI-0256,M-5281,BRAWO STAR CHOCOLATE BISCUITS 6X24X38 GR - RED,M-5281.png
ANI-0257,M-5284,BRAWO STAR CHOCOLATE BISCUITS 6X24X24 GR,M-5284.png
ANI-0258,M-5290S,BISCHOMIO PASTA BISCUITS WITH COCOA DROPS [6X24X66 GR],M-5290S.png
ANI-0259,M-5291S,BISCHOMIO PASTA BISCUITS FILLED WITH HAZELNUT DROPS [6X24X66 GR],M-5291S.png
ANI-0260,M-5303,BISCHOMIO PASTA WITH HAZELNUT 16X150 GR,M-5303.png
ANI-0261,M-5303A,BISCHOMIO PASTA BISCUITS WITH HAZELNUT 16X125 GR,M-5303A.png
ANI-0262,M-5305,BISCHOMIO BISCUITS FILLED WITH HAZ.CREAM 6X24X33 GR,M-5305.png
ANI-0263,M-5305B,BISCHOMIO BISCUITS FILLED WITH HAZ.CREAM 6X24X30GR,M-5305B.png
ANI-0264,M-5306,BISCHOMIO (BISCUITS WITH HAZELNUT CREAM FILLED) 6X24X120 GR,M-5306.png
ANI-0265,M-5307,BISCHOMIO BISCUITS FILLED WITH HAZ.CREAM (WITH SEPARATOR) 6X24X66 GR,M-5307.png
ANI-0266,M-5308,BISCHOMIO BISCUITS FILLED WITH HAZ.CREAM 6X24X66 GR,M-5308.png
ANI-0267,M-5310,DAR&LIGHT MARBLE BISCUITS FILLED WITH HAZ.CREAM 16X150 GR,M-5310.png
ANI-0268,M-5310A,DAR&LIGHT MARBLE BISCUITS FILLED WITH HAZ.CREAM 16X125 GR,M-5310A.png
ANI-0269,M-5313,DARK&LIGHT BARBLE BISCUITS FILLED WITH HAZ.CREAM 12X24X33 GR,M-5313.png
ANI-0270,M-5314,DAR&LIGHT MARBLE BISCUITS FILLED WITH HAZ.CREAM 6X24X44 GR,M-5314.png
ANI-0271,M-5315,DAR&LIGHT MARBLE BISCUITS FILLED WITH HAZ.CREAM 6X24X22 GR,M-5315.png
ANI-0272,M-5316,DARK&LIGHT MARBLE BISCUITS FILLED WITH HAZ.CREAM (WITH SEPARATOR) 6X24X66 GR,M-5316.png
ANI-0273,M-5316C,DARK&LIGHT MARBLE BISCUITS FILLED WITH HAZ.CREAM (WITH SEPARATOR) 6X24X50 GR,M-5316C.png
ANI-0274,M-5317,DARK&LIGHT MARBLE BISCUITS FILLED WITH HAZ.CREAM 6X24X66 GR,M-5317.png
ANI-0275,M-5321,SCHOCO BISCO MARBLE BISCUITS FILLED WITH HAZ.CREAM 6X24X25 GR,M-5321.png
ANI-0276,M-5322,LUB LINO DATE FILLED BISCUIT 6X24X54 GR.,M-5322.png
ANI-0277,M-0188,Cream Sandwich Biscuits 750 gr,
ANI-0278,M-0188S1,Cream Sandwich Biscuits 12x750 gr,
ANI-0279,M-0195A,PETIT BEURRE BISCUITS 1200 GR,M-0195A.png
ANI-0280,M-0140,STICK Cracker with Salty 12X24X30 GR,M-0140.png
ANI-0281,M-0144,STICK Cracker with Sesame 40X35 GR,M-0144.png
ANI-0282,M-0146,STICK Cracker with Salty 40X30 GR,M-0146.png
ANI-0283,M-0146B,STICK Cracker with Salty 3000 GR,M-0146B.png
ANI-0284,M-0147,FISH Cracker 60X20 GR,M-0147.png
ANI-0285,M-0147A,FISH Cracker 60X30 GR,M-0147A.png
ANI-0286,M-1146,SALTY STICK CRACKER 24X150 GR,M-1146.png
ANI-0287,M-1146A,SALTY STICK CRACKER 24X120 GR,M-1146A.png
ANI-0288,M-1148,CRACK(CRACKER WITH CHEESE FLAV.) 10X160 GR,M-1148.png
ANI-0289,M-1153,SALTY CRACKER 6X24X60 GR,M-1153.png
ANI-0290,M-1157,CRACK PAPRICA CRACKER 6X24X65 GR,M-1157.png
ANI-0291,M-1154,SALTY CRACKER 6X24X90 GR,M-1154.png
ANI-0292,M-0149,CRACK Cracker with Cheese Flavour 24X40 GR,M-0149.png
ANI-0293,M-1423,FIYONG CRACKERS 12X400 GR,M-1423.png
ANI-0294,M-1424,FIYONG CRACKERS 24X75 GR,M-1424.png
ANI-0295,M-1424A,FIYONG CRACKERS 24X60 GR,M-1424A.png
ANI-0296,M-1425,FIYONG CRACKERS 18X180 GR / Master Flex,M-1425.png
ANI-0297,M-1425B,FIYONG CRACKERS 18X150 GR / Master Flex,M-1425B.png
ANI-0298,M-1425D,FIYONG CRACKERS 24X120 GR,M-1425D.png
ANI-0299,M-1425E,FIYONG CRACKERS 3000 GR,M-1425E.png
ANI-0300,M-1426,FIYONG CRACKERS 40X30 GR,M-1426.png
ANI-0301,M-1428,FIYONK TUZLU KRAKER 12X275 GR,M-1428.png
ANI-0302,M-1429,PRETZEL CRACKER - 5 MIXED SHAPE 12X300 GR,M-1429.png
ANI-0303,M-1431,BREZEL MIXED CRACKERS 18X200 GR.,M-1431.png
ANI-0304,M-1430,TRIANGLE CRACKER - 24X200 GR,M-1430.png
ANI-0305,M-1435,ALMOND CRACKER 18X180 GR,M-1435.png
ANI-0306,M-1435A,ALMOND CRACKER 18X150 GR,M-1435A.png
ANI-0307,M-1435B,ALMOND CRACKER 24X120 GR,M-1435B.png
ANI-0308,M-1443,SPICY STICK CRACKER 40X35 GR,M-1443.png
ANI-0309,M-1444,STICK CRACKER WITH CHEESE FLAVOUR 40X35 GR,M-1444.png
ANI-0310,M-1456,PIZZA CRACKERS 18X180 GR,M-1456.png
ANI-0311,M-1456A,PIZZA CRACKERS 18X150 GR,M-1456A.png
ANI-0312,M-1456B,PIZZA CRACKERS 3000 GR,M-1456B.png
ANI-0313,M-1456C,PIZZA CRACKERS 24X120 GR,M-1456C.png
ANI-0314,M-1476,FISH CRACKER 18X180 GR,M-1476.png
ANI-0315,M-1476A,FISH CRACKER 18X150 GR,M-1476A.png
ANI-0316,M-1476B,FISH CRACKER 24X120 GR,M-1476B.png
ANI-0317,M-1476C,FISH CRACKER 3000 GR,M-1476C.png
ANI-0318,M-1478,TRIANGLE CRACKER 3000 GR (12X250),M-1478.png
ANI-0319,M-1430,TRIANGLE CRACKER 24x200GR,M-1430_ANI-0319.png
ANI-0320,M-0450,ANI WAFERS CREAM AR.KR.WAFERS 12X450 GR,M-0450.png
ANI-0321,M-0451,ANI WAFERS CREAM AR.KR.WAFERS 12X300 GR,M-0451.png
ANI-0322,M-0493E,FULLKAT X-TREME WHITE COMPOUND CHOCOLATE COATED WAFERS WITH COCOA CREAM 6X24X60 GR,M-0493E.png
ANI-0323,M-0493D,FULLKAT X-TREME WHITE COMPOUND CHOCOLATE COATED WAFERS WITH COCOA CREAM 6X24X55 GR,M-0493D.png
ANI-0324,M-0494E,FULLKAT X-TREME COCOA COATED WITH HAZELNUT CREAM WAFERS 6X24X60 GR,M-0494E.png
ANI-0325,M-0494D,FULLKAT X-TREME COCOA COATED WITH HAZELNUT CREAM WAFERS 6X24X55 GR,M-0494D.png
ANI-0326,M-0495,GOFRON WAFERS COATED WITH CHOCOLATE 12X24X18 GR,M-0495.png
ANI-0327,M-0496,WAFERS XXL WHITE COCOLIN COATED WAFERS 6X24X55 GR,M-0496.png
ANI-0328,M-0496C,WAFERS XXL WHITE COCOLIN COATED WAFERS 6X24X50 GR,M-0496C.png
ANI-0329,M-0497,WAFERS XXL COCOA COATED WITH HAZELNUT CREAM WAFERS 6X24X55 GR,M-0497.png
ANI-0330,M-0497C,WAFERS XXL COCOA COATED WITH HAZELNUT CREAM WAFERS 6X24X50 GR,M-0497C.png
ANI-0331,M-0498,YOU& ME COCOLIN COATED WAFERS 6X24X30 GR,M-0498.png
ANI-0332,M-0498C,YOU& ME COCOLIN COATED WAFERS 6X24X25 GR,M-0498C.png
ANI-0333,M-0499,JILLY WAFERS(COATED WITH COCOLIN) 6X24X18 GR,M-0499.png
ANI-0334,M-0600-1,FELLIK COL.GRANULLE COAT.MARHMALLOW BISCUIT 80X18 GR,M-0600-1.png
ANI-0335,M-0600-1B,FELLIK COL.GRANULLE COAT.MARHMALLOW BISCUIT [6X24X18 GR] - BOX,M-0600-1B.png
ANI-0336,M-0600-2,FELLIK COCOA GRANULLE COATED MARSH.BISCUIT 80X18 GR,M-0600-2.png
ANI-0337,M-0600-2B,FELLIK COCOA GRANULLE COATED MARSH.BISCUIT [6X24X18 GR] - BOX,M-0600-2B.png
ANI-0338,M-0601,TROY (COCOA COATED MARSH.SANDW.BISC.)6X48X12GR-RED,M-0601.png
ANI-0339,M-0601A,TROY (COCOA COATED MARSH.SANDW.BISC.) 6X48X12GR -PRPL,M-0601A.png
ANI-0340,M-0603,MADELINA MARS.BISCUIT COATED WITH COCOLIN36X30 GR,M-0603.png
ANI-0341,M-6016,MAMMI 9 IND (WHITE COC.AND COCO COAT.MARSH BISC) 24X135 GR,M-6016.png
ANI-0342,M-0608,JASMINE MARSH. BISCUIT COATED WITH FRUIT 12X30X25 GR,M-0608.png
ANI-0343,M-0608B,JASMINE MARSH. BISCUIT COATED WITH FRUIT 12X30X20 GR,M-0608B.png
ANI-0344,M-0609,JASMINE (BANANA FLAVORED COATED MARSHMALLOW SANDWICH BISCUIT) 12X36X14 GR,M-0609.png
ANI-0345,M-0610B,COCO TROY (COCOA&COCONUT COATED MARSH.SANDW.BISC.) 6X24X50GR,M-0610B.png
ANI-0346,M-0614,ÇOKOBELLA (Cocoa Hazelnut Cream) 12x350 GR,M-0614.png
ANI-0347,M-0615B,STAR TOYS (SUP. TOY CHO. CER. CER. COCOA AND MILK CREAM) 6X24X16 GR,M-0615B.png
ANI-0348,M-0616,DIZZY STICK ( HAZELNUT SPREAD CREAM & BREADSTICK) 4X24X50 GR,M-0616.png
ANI-0349,M-0617B,COCO TROY (WHITECOC.&COCONUTCOATEDMARSH.J.SANDBIS) 6X24X50GR,M-0617B.png
ANI-0350,M-0619,TROY (COCOA COATED MARSH.SANDW.BISC.) 12X24X19 GR-PRPL,M-0619.png
ANI-0351,M-0619A,TROY (COCOA COATED MARSH.SANDW.BISC.) 12X24X19 GR-RED,M-0619A.png
ANI-0352,M-0620,TROY (COCOA COATED MARSH.SANDW.BISC.)6X24X30 GR,M-0620.png
ANI-0353,M-0620C,TROY (COCOA COATED MARSH.SANDW.BISC.)6X24X25 GR,M-0620C.png
ANI-0354,M-0622,ANI CIMBOO COCOA COATED SANDWICH BISCUIT WITH MARSHMALLOW 6X24X50 GR,M-0622.png
ANI-0355,M-0628,ANI CIMBOO DARK COCOA COATED SANDWICH BISCUIT WITH MARSHMALLOW 6X24X50 GR,M-0628.png
ANI-0356,M-0629,ANI CIMBOO STRAWBERRY COATED SANDWICH BISCUIT WITH MARSHMALLOW 6X24X50 GR,M-0629.png
ANI-0357,M-0630B,MINI TROY (COCOA COATED MARSH.SANDW.BISC.) 6X24X50 GR,M-0630B.png
ANI-0358,M-0637,ANI MINI TROY COCONUT AND BANANA FLAVOURED COATED SANDWICH BISCUITS WITH MARSHMALLOW 6X24X50 GR,M-0637.png
ANI-0359,M-0638,ANI MINI TROY COCONUT AND STRAWBERRY FLAVOURED COATED SANDWICH BISCUITS WITH MARSHMALLOW 6X24X50 GR,M-0638.png
ANI-0360,M-0639,ANI MINI TROY COCONUT AND PISTACHIO FLAVOURED COATED SANDWICH BISCUITS WITH MARSHMALLOW 6X24X50 GR,M-0639.png
ANI-0361,M-0631,CIMBOO COCOA COATED SANDWICH BISCUIT WITH MARSHMALLOW 6X24X35 GR,M-0631.png
ANI-0362,M-0631B,CIMBOO COCOA COATED SANDWICH BISCUIT WITH MARSHMALLOW 6X24X30 GR,M-0631B.png
ANI-0363,M-0634,CIMBOO DARK COCOA COATED SANDWICH BISCUIT WITH MARSHMALLOW 6X24X35 GR,M-0634.png
ANI-0364,M-0634B,CIMBOO DARK COCOA COATED SANDWICH BISCUIT WITH MARSHMALLOW 6X24X30 GR,M-0634B.png
ANI-0365,M-0635,ANI TROY EL-FAKIRI COCOA COATED CARAMEL FILLED BISCUIT 6X24X40GR,M-0635.png
ANI-0366,M-0662,TROY (COCOA COATED.SANDW.BISC.) 12X240 GR,M-0662.png
ANI-0367,M-0664,ANI BRAWO PIE (CHOC.COAT. MARSH.BISCUIT WITH SRAW.FL.) 12X240 GR,M-0664.png
ANI-0368,M-0664A,ANI BRAWO PIE (CHOC.COAT. MARSH. BISCUIT WITH SRAW.FL.) 12X200 GR,M-0664A.png
ANI-0369,M-0665,ANI BRAWO PIE (BITTER CHOCOLATE COATED MARSHMALLOW SANDWICH BISCUIT) 12X216 GR,M-0665.png
ANI-0370,M-0665A,ANI BRAWO PIE (CHOC.COAT.BISCUIT WITH SRAW.FL.) 12X200 GR,M-0665A.png
ANI-0371,M-0668,WK LOVE YOU (MILK CHOCOLATE COATED MARSHMALLOW SANDWICH BISCUIT) 12X200 GR PERU,M-0668.png
ANI-0372,M-0971,JIMAX COCOLIN BAR 6X24X36 GR,M-0971.png
ANI-0373,M-1361,ANI VILLANI BISC.WITH WHITE CREAM COAT.WITH COCOA 6X24X25 GR,M-1361.png
ANI-0374,M-1362A,ANI HIPPO BISC.WITH WHITE CREAM COAT.WITH COCOA 6X24X25 GR,M-1362A.png
ANI-0375,M-1367,SAND.BISC.WITH HAZ.CO.CRM.COATED WITH MLK.COCOA 12X24X25 GR,M-1367.png
ANI-0376,M-1367A,YAYA ŞAŞA SAND.BISC.WITH HAZ.CO.CRM.COATED WITH MLK.COCOA 6X24X25 GR,M-1367A.png
ANI-0377,M-2013,(COCOLIN COATED COCONUT BAR) 12X24X30GR,M-2013.png
ANI-0378,M-2013A,(COCOLIN COATED COCONUT BAR) 12X24X25GR,M-2013A.png
ANI-0379,M-2019,COCO ROMEO MILK CACAO COATED COCONUT BAR 6X24X48 GR,M-2019.png
ANI-0380,M-2019A,COCO ROMEO MILK CACAO COATED COCONUT BAR 6X24X50 GR,M-2019A.png
ANI-0381,M-2136,TIVITI COCOLIN COATED BISC.WITH CARAMEL 6X24X30 GR,M-2136.png
ANI-0382,M-2136A,TIVITI COCOLIN COATED BISC.WITH CARAMEL 12X24X30 GR,M-2136A.png
ANI-0383,M-2137,CARAMEL BİSCUIT 6X24X45 GR,M-2137.png
ANI-0384,M-2140B,DITTO COCOLIN AND CARAMEL CAVERED BISCUITS BAR 6X24X22 GR,M-2140B.png
ANI-0385,M-2141A,DITTO BİTTER AND CARAMEL CAVERED BISCUITS BAR 6X24X22GR,M-2141A.png
ANI-0386,M-2142P,BRAWO PANDORA CHOC.AND CARAMEL COVERED BISCUITS 6X24X40 GR,M-2142P.png
ANI-0387,M-2143,BRAWO PANDORA CHOC.AND CARAMEL COVERED BISCUITS 12X500 GR,M-2143.png
ANI-0388,M-2217,LUBLINO COC.COAT.WAFERS CAR.WITH.CRISP.RICE 12X24X17 GR,M-2217.png
ANI-0389,M-2230,NUTRIX (CARAMEL AND COCOLIN COATED WAFERS) 6X24X60 GR,M-2230.png
ANI-0390,M-2232,LUBLINO COC.COAT.WAFERS CAR.WITH.CRISP.RICE 6X24X25 GR,M-2232.png
ANI-0391,M-2232A,LUBLINO COC.COAT.WAFERS CAR.WITH.CRISP.RICE 6X24X22 GR,M-2232A.png
ANI-0392,M-2233,LUBLINO COC.COAT.WAFERS CAR.WITH.CRISP.RICE 6X24X50GR,M-2233.png
ANI-0393,M-2233A,LUBLINO COC.COAT.WAFERS CAR.WITH.CRISP.RICE 6X24X46GR,M-2233A.png
ANI-0394,M-2250,JOYKAT WAFERS COATED WITH COCOLIN 6X24X32 GR,M-2250.png
ANI-0395,M-3512,ANI WAFERS COATED WITH COCOA 6X24X30 GR,M-3512.png
ANI-0396,M-3512B,ANI WAFERS COATED WITH COCOA 6X24X35 GR,M-3512B.png
ANI-0397,M-3518,GOODWAY MILK CHOCOLATE COATED WAFER WITH HAZELNUT CREAM 6X24X38GR.,M-3518.png
ANI-0398,M-3519,GOODWAY MILK CHOCOLATE COATED COCONUT CREAM WAFER 6X24X38GR.,M-3519.png
ANI-0399,M-4136,WAFERS WITH VANILIN 12X120 GR,M-4136.png
ANI-0400,M-4137,WAFERS WITH COCOA FLAVOUR 12X120 GR,M-4137.png
ANI-0401,M-4138,WAFERS WITH HAZELNUT FLAVOUR 12X120 GR,M-4138.png
ANI-0402,M-4139,WAFERS WITH STRAWBERRY FLAVOUR 12X120 GR,M-4139.png
ANI-0403,M-4141,WAFERS WITH VANILIN CREAM 24X150 GR,M-4141.png
ANI-0404,M-4143,WAFERS WITH HAZELNUT FLAVOUR 24X150 GR,M-4143.png
ANI-0405,M-4144,WAFERS WITH STRAWBERRY FLAV. 24X150 GR,M-4144.png
ANI-0406,M-4153,COCOLIN COATED WAFERS x2 WITH STRAWBERRY 6X24X40 GR,M-4153.png
ANI-0407,M-4154,COCOLIN COATED WAFERS x2 WITH HAZ.CREM 6X24X40 GR,M-4154.png
ANI-0408,M-4176,WAFERS WITH STRAWBERRY FLAV. 6X24X25 GR,M-4176.png
ANI-0409,M-4177,CREAMY WAFERS WITH COCOA 6X24X25GR,M-4177.png
ANI-0410,M-4178,WAFER WITH MİLK CREAM 6X24X25 GR,M-4178.png
ANI-0411,M-4180,WAFERS WITH HAZELNUT FLAVOUR 6X24X40 GR,M-4180.png
ANI-0412,M-4181,WAFERS WITH STRAWBERRY FLAVOUR 6X24X40 GR,M-4181.png
ANI-0413,M-4182,WAFERS WITH COCOA FLAVOUR 6X24X40 GR,M-4182.png
ANI-0414,M-4183,MILK CREAM COCOA WAFERS 6X24X40 GR,M-4183.png
ANI-0415,M-4184,MILK CREAM COCOA WAFERS 6X24X40 GR,M-4184.png
ANI-0416,M-4190A,WAFERS WITH HAZELNUT FLAVOUR 6X24X60 GR,M-4190A.png
ANI-0417,M-4191A,WAFERS WITH STRAWBERRY FLAVOUR 6X24X60 GR,M-4191A.png
ANI-0418,M-4192A,WAFERS WITH CHERRY FLAVOUR 6X24X60 GR,M-4192A.png
ANI-0419,M-4195A,COCOA WAFER WİTH VANILLA CREAM 6X24X65 GR (SAMAN),M-4195A.png
ANI-0420,M-4195C,COCOA WAFER WİTH VANILLA CREAM 6X24X60 GR,M-4195C.png
ANI-0421,M-4200,WAFERS WITH HAZELNUT CREAM 24X160 GR,M-4200.png
ANI-0422,M-4201,WAFERS WITH STRAWBERRY CREAM 24X160 GR,M-4201.png
ANI-0423,M-4202,ANI WAFERS WITH COCOA 24X160 GR,M-4202.png
ANI-0424,M-4990,FROLLE WAFERS(COATED WITH COCOLIN) 6X24X30 GR,M-4990.png
ANI-0425,M-4990A,FROLLE WAFERS(COATED WITH COCOLIN) 6X24X25 GR,M-4990A.png
ANI-0426,M-4995,FROLE WHITE COCOLIN COATED WAFERS x2 6X24X30 GR,M-4995.png
ANI-0427,M-4995A,FROLE WHITE COCOLIN COATED WAFERS x2 6X24X25 GR,M-4995A.png
ANI-0428,M-2380A,BRONX NUGA AN CARAMEL CAOT.WITH MILKY COCOLIN BAR 6X24X25 GR,M-2380A.png
ANI-0429,M-2380,BRONX NUGA AN CARAMEL CAOT.WITH MILKY COCOLIN BAR 6X24X22 GR,M-2380.png
ANI-0430,M-2380C,BRONX NUGA AN CARAMEL CAOT.WITH MILKY COCOLIN BAR 6X24X20 GR,M-2380C.png
ANI-0431,M-2380D,BRONX NUGA AN CARAMEL CAOT.WITH MILKY COCOLIN BAR 6X24X18 GR,M-2380D.png
ANI-0432,M-2381A,RINGO STAR NUGA COATED WITH MILKY COCOLIN BAR 6X24X25 GR,M-2381A.png
ANI-0433,M-2381,RINGO STAR NUGA COATED WITH MILKY COCOLIN BAR 6X24X22 GR,M-2381.png
ANI-0434,M-2381C,RINGO STAR NUGA COATED WITH MILKY COCOLIN BAR 6X24X20 GR,M-2381C.png
ANI-0435,M-2381D,RINGO STAR NUGA COATED WITH MILKY COCOLIN BAR 6X24X18 GR,M-2381D.png
ANI-0436,M-2385,BRONX NUGA AN CARAMEL CAOT.WITH MILKY COCOLIN BAR 12X24X13 GR,M-2385.png
ANI-0437,M-2385A,BRONX NUGA AN CARAMEL CAOT.WITH MILKY COCOLIN BAR 6X48X13 GR,M-2385A.png
ANI-0438,M-2680A,MAXIS NUGA AND CAR.COATED WITH MILKY COCOLIN BAR 6X24X25 GR,M-2680A.png
ANI-0439,M-2680,MAXIS NUGA AND CAR.COATED WITH MILKY COCOLIN BAR 6X24X22 GR,M-2680.png
ANI-0440,M-2680C,MAXIS NUGA AND CAR.COATED WITH MILKY COCOLIN BAR 6X24X20 GR,M-2680C.png
ANI-0441,M-2680D,MAXIS NUGA AND CAR.COATED WITH MILKY COCOLIN BAR 6X24X18 GR,M-2680D.png
ANI-0442,M-2683A,SCHOCO CHOC.CAOT.CAR.MILKY COCOLIN BAR 6X24X25GR,M-2683A.png
ANI-0443,M-2683,SCHOCO CHOC.CAOT.CAR.MILKY COCOLIN BAR 6X24X22 GR,M-2683.png
ANI-0444,M-2683C,SCHOCO CHOC.CAOT.CAR.MILKY COCOLIN BAR 6X24X20GR,M-2683C.png
ANI-0445,M-2683D,SCHOCO CHOC.CAOT.CAR.MILKY COCOLIN BAR 6X24X18 GR,M-2683D.png
ANI-0446,M-2684,BRAWO CHOC.AND CAR.COATED NOUGAT BAR 6X24X50 GR,M-2684.png
ANI-0447,M-2684A,BRAWO CHOC.AND CAR.COATED NOUGAT BAR 6X24X45 GR,M-2684A.png
ANI-0448,M-2684B,BRAWO CHOC.AND CAR.COATED NOUGAT BAR 6X24X40 GR,M-2684B.png
ANI-0449,M-2687,FLORANCE NOUGAT BAR COATED WITH CHOCOLATE 12X24X35 GR,M-2687.png
ANI-0450,M-2687A,FLORANCE NOUGAT BAR COATED WITH CHOCOLATE 6X24X35 GR,M-2687A.png
ANI-0451,M-2687B,FLORANCE NOUGAT BAR COATED WITH CHOCOLATE 6X24X30 GR,M-2687B.png
ANI-0452,M-2689,BRAWO BAR C.CHOC.COAT.CAR.NOUGAT PEANUT BAR 6X24X30 GR,M-2689.png
ANI-0453,M-2689A,BRAWO BAR C.CHOC.COAT.CAR.NOUGAT PEANUT BAR 6X24X35 GR,M-2689A.png
ANI-0454,M-2689B,BRAWO BAR C.CHOC.COAT.CAR.NOUGAT PEANUR BAR 12X24X35 GR,M-2689B.png
ANI-0455,M-2690,BRAWO BAR C.CHOC.COAT.CAR.NOUGAT PEANUR BAR 6X24X50 GR,M-2690.png
ANI-0456,M-2690A,BRAWO BAR C.CHOC.COAT.CAR.NOUGAT PEANUR BAR 6X24X40 GR,M-2690A.png
ANI-0457,M-2691,LINEKER C.CHOC.COAT.CAR.NOUGAT PEANUR BAR 6X24X50 GR,M-2691.png
ANI-0458,M-2691A,LINEKER C.CHOC.COAT.CAR.NOUGAT PEANUR BAR 6X24X40 GR,M-2691A.png
ANI-0459,M-2702A,JOLLY (KOK. KAP.ÇILEK.AR.NUGALI.BAR) 6X24X25 GR,M-2702A.png
ANI-0460,M-2702,JOLLY BAR WITH STRAWBERRY 6X24X22 GR,M-2702.png
ANI-0461,M-2702C,JOLLY BAR WITH STRAWBERRY 6X24X20 GR,M-2702C.png
ANI-0462,M-2702B,JOLLY (KOK. KAP.ÇILEK.AR.NUGALI.BAR) 6X24X18 GR,M-2702B.png
ANI-0463,M-2703A,JOLLY (KOK.KAP.FRAMB.AR.NUGALI.BAR) 6X24X25 GR,M-2703A.png
ANI-0464,M-2703,JOLLY BAR WITH RASPERRY 6X24X22 GR,M-2703.png
ANI-0465,M-2703C,JOLLY BAR WITH RASPERRY 6X24X20 GR,M-2703C.png
ANI-0466,M-2703B,JOLLY (KOK.KAP.FRAMB.AR.NUGALI.BAR) 6X24X18 GR,M-2703B.png
ANI-0467,M-2722A,MICH MICH C.CHOC.N.BAR WITH APRICOT FLA. 6X24X25 GR,M-2722A.png
ANI-0468,M-2722,MICH MICH C.CHOC.N.BAR WITH APRICOT FLA. 6X24X22 GR,M-2722.png
ANI-0469,M-2722C,MICH MICH C.CHOC.N.BAR WITH APRICOT FLA. 6X24X20 GR,M-2722C.png
ANI-0470,M-2722D,MICH MICH C.CHOC.N.BAR WITH APRICOT FLA. 6X24X18 GR,M-2722D.png
ANI-0471,M-2723A,MARWA C.CHOC.N.BAR WITH ORANGE FLA. 6X24X25 GR,M-2723A.png
ANI-0472,M-2723,MARWA C.CHOC.N.BAR WITH ORANGE FLA. 6X24X22 GR,M-2723.png
ANI-0473,M-2723C,MARWA C.CHOC.N.BAR WITH ORANGE FLA. 6X24X20 GR,M-2723C.png
ANI-0474,M-2723D,MARWA C.CHOC.N.BAR WITH ORANGE FLA. 6X24X18 GR,M-2723D.png
ANI-0475,M-2724,MARWA C.CHOC.N.BAR WITH ORANGE FLA. 6X2000 GR,M-2724.png
ANI-0476,M-2724A,MARWA C.CHOC.N.BAR WITH ORANGE FLA. 12X1000 GR,M-2724A.png
ANI-0477,M-2726,MICH MICH C.CHOC.N.BAR WITH APRICOT FLA. 6X24X50 GR,M-2726.png
ANI-0478,M-2726A,MICH MICH C.CHOC.N.BAR WITH APRICOT FLA. 6X24X40 GR,M-2726A.png
ANI-0479,M-8124,EXCLUSIVE (MILK CHO.AND DARK CHO. FLAV. FILL. COCOA BIS.) 6X24X30 GR,M-8124.png
ANI-0480,M-2980A,RODRIGO COCOLIN CAT.CAR.NOUGAT PEANUT BAR 6X24X25 GR,M-2980A.png
ANI-0481,M-2980,RODRIGO COCOLIN CAT.CAR.NOUGAT PEANUT BAR 6X24X22 GR,M-2980.png
ANI-0482,M-2980C,RODRIGO COCOLIN CAT.CAR.NOUGAT PEANUT BAR 6X24X20 GR,M-2980C.png
ANI-0483,M-2980D,RODRIGO COCOLIN CAT.CAR.NOUGAT PEANUT BAR 6X24X18 GR,M-2980D.png
ANI-0484,M-2981,RODRIGO COCOLIN CAT.CAR.NOUGAT PEANUT BAR 12X24X13 GR,M-2981.png
ANI-0485,M-2981A,RODRIGO COCOLIN CAT.CAR.NOUGAT PEANUT BAR 6X48X13 GR,M-2981A.png
ANI-0486,M-2981B,RODRIGO COCOLIN CAT.CAR.NOUGAT PEANUT BAR 6X2000 GR,M-2981B.png
ANI-0487,M-2992A,BIZIM MACERA FLAVOURED NUGA COCOLIN BAR W.STRAWBER 6X24X25 GR,M-2992A.png
ANI-0488,M-2992,BIZIM MACERA FLAVOURED NUGA COCOLIN BAR W.STRAWBER 6X24X22 GR,M-2992.png
ANI-0489,M-2992C,BIZIM MACERA FLAVOURED NUGA COCOLIN BAR W.STRAWBER 6X24X20 GR,M-2992C.png
ANI-0490,M-2992D,BIZIM MACERA FLAVOURED NUGA COCOLIN BAR W.STRAWBER 6X24X18 GR,M-2992D.png
ANI-0491,M-2993A,BIZIM MACERA FLAVOURED NUGA COCOLIN BAR W.ORANGE 6X24X25 GR,M-2993A.png
ANI-0492,M-2993,BIZIM MACERA FLAVOURED NUGA COCOLIN BAR W.ORANGE 6X24X22 GR,M-2993.png
ANI-0493,M-2993C,BIZIM MACERA FLAVOURED NUGA COCOLIN BAR W.ORANGE 6X24X20 GR,M-2993C.png
ANI-0494,M-2993B,BIZIM MACERA FLAVOURED NUGA COCOLIN BAR W.ORANGE 6X24X18 GR,M-2993B.png
ANI-0495,M-2994A,BIZIM MACERA FLAVOURED NUGA COCOLIN BAR W.BANANA 6X24X25 GR,M-2994A.png
ANI-0496,M-2994,BIZIM MACERA FLAVOURED NUGA COCOLIN BAR W.BANANA 6X24X22 GR,M-2994.png
ANI-0497,M-2994C,BIZIM MACERA FLAVOURED NUGA COCOLIN BAR W.BANANA 6X24X20 GR,M-2994C.png
ANI-0498,M-2994B,BIZIM MACERA FLAVOURED NUGA COCOLIN BAR W.BANANA 6X24X18 GR,M-2994B.png
ANI-0499,M-2665,MAXIS NUGA AND CAR.COATED WITH MILKY COCOLIN BAR 6X500 GR,M-2665.png
ANI-0500,M-2665A,MAXIS NUGA AND CAR.COATED WITH MILKY COCOLIN BAR 6X400 GR,M-2665A.png
ANI-0501,M-2666,MAXIS NUGA AND CAR.COATED WITH MILKY COCOLIN BAR 6X2000 GR,M-2666.png
ANI-0502,M-2671,MAXIS STAR CARAMEL 6X2000 GR,M-2671.png
ANI-0503,M-2725,MICH MICH C.CHOC.N.BAR WITH APRICOT FLA.6X2000 GR,M-2725.png
ANI-0504,M-2725B,MICH MICH C.CHOC.N.BAR WITH APRICOT FLA. 10X1000 GR,M-2725B.png
ANI-0505,M-2407,ROLLY COCOLIN BAR IN CARTON BOX 6X500 GR / NAVY BLUE,M-2407.png
ANI-0506,M-2407A,ROLLY COCOLIN BAR IN CARTON BOX 6X500 GR / RED,M-2407A.png
ANI-0507,M-2407B,ROLLY COCOLIN BAR IN CARTON BOX 6X400 GR / NAVY BLUE,M-2407B.png
ANI-0508,M-2407C,ROLLY COCOLIN BAR IN CARTON BOX 6X400 GR / RED,M-2407C.png
ANI-0509,M-2407D,ROLLY COCOLIN BAR IN ASETAT JARS 6X650 GR,M-2407D.png
ANI-0510,M-2754,OKI COCOLIN BAR (BULK) 6X2000 GR,M-2754.png
ANI-0511,M-2754A,OKI COCOLIN BAR (BULK) 6X2000 GR / RED BOX,M-2754A.png
ANI-0512,M-2761,CARAMELLIM COCOLIN BAR 6X2000 GR-RED,M-2761.png
ANI-0513,M-2761A,CARAMELLIM COCOLIN BAR 6X2000 GR,M-2761A.png
ANI-0514,M-2761B,CARAMELLIM COCOLIN BAR 6X2000 GR,M-2761B.png
ANI-0515,M-2761F,CARAMELLIM COCOLIN BAR 6X2120 GR,M-2761F.png
ANI-0516,M-2762,CARAMELLIM COCOLIN BAR ASETAT JARS 6X1000 GR,M-2762.png
ANI-0517,M-2762A,CARAMELLIM COCOLIN BAR ASETAT JARS 8X1000 GR,M-2762A.png
ANI-0518,M-2763,CARAMELLIM COCOLIN BAR ASETAT JARS 6X1000 GR,M-2763.png
ANI-0519,M-2764,CARAMEL FILLED WHİTE COCOLİN 6X2000 GR,M-2764.png
ANI-0520,M-2764A,CARAMEL FILLED WHİTE COCOLİN 6X2120 GR,M-2764A.png
ANI-0521,M-2774A,ANI LIQUID TRUFON ASSORTMENT 6X1000 GR,
ANI-0522,M-2775A,TRUFON (CAREMEL NUGA BAR) 6x2000 GR,M-2775A.png
ANI-0523,M-2776,SUMMY (FULL Sphere) 6X2000 GR,M-2776.png
ANI-0524,M-2777,VHO RED (HEMISPHERE) 6X2000 GR,M-2777.png
ANI-0525,M-2777A,VHO PURPLE (HEMISPHERE) 6X2000 GR,M-2777A.png
ANI-0526,M-2780,ANI LIQUID TRUFON ASSORTMENT 12X1000 GR,M-2780.png
ANI-0527,M-2871,JOLLY COCOLIN WITH CHERRY 6X2000 GR,M-2871.png
ANI-0528,M-2872,JOLLY COCOLIN WITH CHERRY 6X2000 GR,M-2872.png
ANI-0529,M-2873,JOLLY COCOLIN WITH ORANGE 6X2000 GR,M-2873.png
ANI-0530,M-2875,JOLLY C.BAR WITH FRUIT 8X1000GR,M-2875.png
ANI-0531,M-2876,JOLLYMIX COCOLIN BAR ASETAT JARS 6X1000GR,M-2876.png
ANI-0532,M-6101A,MASCOT CANDY 12X500 GR,M-6101A.png
ANI-0533,M-6102,MASCOT CANDY 12X250 GR,M-6102.png
ANI-0534,M-6111,MASCOT CANDY 6X1000 GR,M-6111.png
ANI-0535,M-6111A,MASCOT CANDY 6X700 GR,M-6111A.png
ANI-0536,M-6111B,MASCOT CANDY 6X800 GR,M-6111B.png
ANI-0537,M-6113,MASCOT CANDY 6X24X60 GR,M-6113.png
